id,name,age,height,is_active,created_at
1,demo person 1,1,1.800000,false,2021-12-25T22:41:14Z
2,demo person 2,2,1.800000,true,2021-12-25T22:41:14Z
3,demo person 3,3,1.800000,false,2021-12-25T22:41:14Z
4,demo person 4,4,1.800000,true,2021-12-25T22:41:14Z
5,demo person 5,5,1.800000,false,2021-12-25T22:41:14Z
6,demo person 6,6,1.800000,true,2021-12-25T22:41:14Z
7,demo person 7,7,1.800000,false,2021-12-25T22:41:14Z
8,demo person 8,8,1.800000,true,2021-12-25T22:41:14Z
9,demo person 9,9,1.800000,false,2021-12-25T22:41:14Z
10,demo person 10,10,1.800000,true,2021-12-25T22:41:14Z
